<?xml version="1.0" encoding="utf-8"?>
<PriceTag>
<!--ценник-->
	<Name>Стандартный (90мм*65мм)</Name>
	<Size Width="355" Height="255">
	<!--размер ценника в пикселях-->
		<Width>355</Width>
		<Height>255</Height>
	</Size>
	<BackColor>#ffffff</BackColor><!--Цвет фона-->
	<BorderThickness>1</BorderThickness><!--Рамка в пикселях-->
	<BorderColor>#000000</BorderColor><!--Цвет рамки-->
	<Margin>
		<Left>0</Left>
		<Top>0</Top>
		<Right>0</Right>
		<Bottom>0</Bottom>
	</Margin>
	<LabelBox>
		<Location>
			<X>3</X>
			<Y>3</Y>
		</Location>
		<Size>
			<Width>349</Width>
			<Height>40</Height>
		</Size>
		<Margin>
			<Left>3</Left>
			<Top>3</Top>
			<Right>3</Right>
			<Bottom>3</Bottom>
		</Margin>
		<BackColor>#005500</BackColor>
		<ForeColor>#000000</ForeColor>
		<Text>Телевизор Blaupunkt 50 дюймов</Text>
		<TextAligment>MiddleLeft</TextAligment>
		<Font>
			<Size>14</Size>
			<Name>Arial</Name>
			<Style>Normal</Style>
		</Font>
		<BorderThickness>1</BorderThickness><!--Рамка в пикселях-->
		<BorderColor>#000000</BorderColor><!--Цвет рамки-->
		<Visible>True</Visible>
	</LabelBox>
</PriceTag>